Workbook

Sheet resultados
B2: N = tamanho do buffer compartilhado (vetor produtor-consumidor)
A3: Combinação = (Np) x (Nc) | B3: N=2 | C3: N=8 | D3: N=32
A4: 1x1 | B4: ='Página2'!B3/1000000 -> 0.189553 | C4: ='Página2'!C3/1000000 -> 0.046637 | D4: ='Página2'!D3/1000000 -> 0.005132
A5: 1x2 | B5: ='Página2'!B4/1000000 -> 0.169661 | C5: ='Página2'!C4/1000000 -> 0.06872 | D5: ='Página2'!D4/1000000 -> 0.013194
A6: 1x4 | B6: ='Página2'!B5/1000000 -> 0.129153 | C6: ='Página2'!C5/1000000 -> 0.111488 | D6: ='Página2'!D5/1000000 -> 0.099197
A7: 1x8 | B7: ='Página2'!B6/1000000 -> 0.122686 | C7: ='Página2'!C6/1000000 -> 0.119126 | D7: ='Página2'!D6/1000000 -> 0.118343
A8: 1x16 | B8: ='Página2'!B7/1000000 -> 0.12387 | C8: ='Página2'!C7/1000000 -> 0.120465 | D8: ='Página2'!D7/1000000 -> 0.11811
A9: 2x1 | B9: ='Página2'!B8/1000000 -> 0.168149 | C9: ='Página2'!C8/1000000 -> 0.064223 | D9: ='Página2'!D8/1000000 -> 0.013354
A10: 4x1 | B10: ='Página2'!B9/1000000 -> 0.122843 | C10: ='Página2'!C9/1000000 -> 0.11499 | D10: ='Página2'!D9/1000000 -> 0.099723
A11: 8x1 | B11: ='Página2'!B10/1000000 -> 0.122914 | C11: ='Página2'!C10/1000000 -> 0.119762 | D11: ='Página2'!D10/1000000 -> 0.118176
A12: 16x1 | B12: ='Página2'!B11/1000000 -> 0.121573 | C12: ='Página2'!C11/1000000 -> 0.120682 | D12: ='Página2'!D11/1000000 -> 0.119921
A15: ANÁLISE DOS RESULTADOS Legenda: "AxB" = Np=A produtores, Nc=B consumidores. MELHOR COMBINAÇÃO: N=32, Np=1, Nc=1 → tempo médio de 0,005132s RESUMO: 1) Buffer maior = mais rápido. Com Np=1,Nc=1: N=2 levou 0,189553s contra 0,005132s do N=32 (quase 37x mais rápido). Buffer maior reduz o número de vezes que threads precisam bloquear esperando espaço/dado. 2) Mais threads não ajuda além de ~4 threads: pelo contrário, piora. Ex: N=8,Np=1,Nc=1 = 0,046637s; N=8,Np=1,Nc=16 = 0,120465s. O buffer é protegido por um único mutex, então só uma thread por vez acessa a região crítica, threads extras só competem e geram overhead, sem ganho real de paralelismo. 3) O tempo satura em ~0,12s a partir de ~4 threads (de qualquer lado), mostrando que o gargalo passa a ser a sincronização (mutex), não a capacidade de processamento. CONCLUSÃO: Melhor desempenho = buffer grande (N=32) + mínimo de threads (1,1). Mais threads não significa mais paralelismo efetivo quando existe uma região crítica serializada por mutex, o desempenho é limitado pela sincronização, não pela quantidade de threads disponíveis.
A90: N | B90: Np | C90: Nc | D90: tempo_medio
A91: 2 | B91: 1 | C91: 1 | D91: 239295
A92: 2 | B92: 1 | C92: 2 | D92: 174120
A93: 2 | B93: 1 | C93: 4 | D93: 176229
A94: 2 | B94: 1 | C94: 8 | D94: 173081
A95: 2 | B95: 1 | C95: 16 | D95: 171668
A96: 2 | B96: 2 | C96: 1 | D96: 174902
A97: 2 | B97: 4 | C97: 1 | D97: 173494
A98: 2 | B98: 8 | C98: 1 | D98: 172051
A99: 2 | B99: 16 | C99: 1 | D99: 176876
A100: 8 | B100: 1 | C100: 1 | D100: 59041
A101: 8 | B101: 1 | C101: 2 | D101: 145212
A102: 8 | B102: 1 | C102: 4 | D102: 155554
... A117: 32 | B117: 16 | C117: 1 | D117: 169264

Sheet Página2
B1: Tempo médio de execução (s) por combinação de threads produtor/consumidor
A2: Combinacao | B2: N=2 | C2: N=8 | D2: N=32
A3: 1x1 | B3: 189553 | C3: 46637 | D3: 5132
A4: 1x2 | B4: 169661 | C4: 68720 | D4: 13194
A5: 1x4 | B5: 129153 | C5: 111488 | D5: 99197
A6: 1x8 | B6: 122686 | C6: 119126 | D6: 118343
A7: 1x16 | B7: 123870 | C7: 120465 | D7: 118110
A8: 2x1 | B8: 168149 | C8: 64223 | D8: 13354
A9: 4x1 | B9: 122843 | C9: 114990 | D9: 99723
A10: 8x1 | B10: 122914 | C10: 119762 | D10: 118176
A11: 16x1 | B11: 121573 | C11: 120682 | D11: 119921
